,issuercountry,txvariantcode,issuer_id,amount,currencycode,shoppercountry,interaction,verification,cvcresponse,creationdate_stamp,accountcode,mail_id,ip_id,card_id,label,creationdate
130,AU,mccredit,544637.0,36000.0,AUD,AU,Ecommerce,TRUE,0,1443668784.0,APACAccount,239930,6269,102534,1,2015-10-1
2114,MX,visaclassic,477291.0,329900.0,MXN,MX,Ecommerce,TRUE,0,1444436997.0,MexicoAccount,55291,68304,37090,1,2015-10-10
2115,MX,visaplatinum,493158.0,174800.0,MXN,MX,Ecommerce,TRUE,0,1444468197.0,MexicoAccount,112275,111351,78455,1,2015-10-10
2116,MX,visadebit,421316.0,129900.0,MXN,MX,Ecommerce,TRUE,0,1444513861.0,MexicoAccount,74363,61645,223620,1,2015-10-10
2172,AU,visaclassic,456471.0,90000.0,AUD,AU,Ecommerce,TRUE,0,1444447413.0,APACAccount,50433,116491,243246,1,2015-10-10
3467,AU,mccredit,522980.0,30000.0,AUD,AU,Ecommerce,TRUE,0,1444572981.0,APACAccount,279142,27665,206860,1,2015-10-11
5071,MX,visaclassic,477291.0,59700.0,MXN,MX,Ecommerce,TRUE,0,1444617557.0,MexicoAccount,252368,110376,159508,1,2015-10-12
5072,MX,mccredit,547046.0,89800.0,MXN,MX,Ecommerce,TRUE,0,1444625668.0,MexicoAccount,221921,84110,125915,1,2015-10-12
5073,MX,mcdebit,525678.0,99900.0,MXN,MX,Ecommerce,TRUE,0,1444668875.0,MexicoAccount,108296,60803,253717,1,2015-10-12
5074,MX,mccredit,547046.0,90900.0,MXN,MX,Ecommerce,TRUE,0,1444685919.0,MexicoAccount,156322,84107,141251,1,2015-10-12
5170,AU,mccredit,535316.0,37000.0,AUD,AU,Ecommerce,TRUE,0,1444623360.0,APACAccount,29499,55258,269472,1,2015-10-12
5171,AU,mccredit,522980.0,49000.0,AUD,AU,Ecommerce,TRUE,0,1444645115.0,APACAccount,146619,24799,10830,1,2015-10-12
5172,AU,visadebit,423954.0,22000.0,AUD,AU,Ecommerce,TRUE,0,1444667693.0,APACAccount,337835,208,234413,1,2015-10-12
5173,AU,mccredit,535316.0,11850.0,AUD,AU,Ecommerce,TRUE,0,1444670176.0,APACAccount,91015,23351,94717,1,2015-10-12
6685,MX,mccredit,547146.0,90900.0,MXN,MX,Ecommerce,TRUE,0,1444700791.0,MexicoAccount,167269,84055,47657,1,2015-10-13
6686,MX,mccredit,547046.0,99900.0,MXN,MX,Ecommerce,TRUE,0,1444748550.0,MexicoAccount,85711,84077,181658,1,2015-10-13
8085,NO,mccredit,512688.0,270000.0,SEK,NO,Ecommerce,TRUE,1,1444688939.0,SwedenAccount,212465,226426,93471,1,2015-10-13
8086,BR,visa,406669.0,713500.0,SEK,SE,Ecommerce,TRUE,1,1444691712.0,SwedenAccount,105036,125434,98117,1,2015-10-13
8201,MX,mccredit,547046.0,59900.0,MXN,MX,Ecommerce,TRUE,0,1444789348.0,MexicoAccount,14753,79973,97051,1,2015-10-14
8278,AU,mccredit,558320.0,49500.0,AUD,AU,Ecommerce,TRUE,0,1444831092.0,APACAccount,231838,116158,46386,1,2015-10-14
10974,MX,mccredit,547146.0,59900.0,MXN,MX,Ecommerce,TRUE,0,1444946744.0,MexicoAccount,161735,79982,79549,1,2015-10-16
10975,MX,visaclassic,477291.0,99900.0,MXN,MX,Ecommerce,TRUE,0,1444975399.0,MexicoAccount,108296,60803,24100,1,2015-10-16
10976,MX,mccredit,548234.0,679800.0,MXN,MX,Ecommerce,TRUE,0,1445025227.0,MexicoAccount,137532,82400,25147,1,2015-10-16
11067,AU,mccredit,535316.0,52000.0,AUD,AU,Ecommerce,TRUE,0,1444986435.0,APACAccount,327106,132796,264780,1,2015-10-16
12198,MX,mccredit,549138.0,129900.0,MXN,MX,Ecommerce,TRUE,0,1445042807.0,MexicoAccount,8082,84440,181005,1,2015-10-17
12199,MX,visagold,493173.0,109800.0,MXN,MX,Ecommerce,TRUE,0,1445109954.0,MexicoAccount,105900,113820,187058,1,2015-10-17
12200,MX,mccredit,547096.0,149800.0,MXN,MX,Ecommerce,TRUE,0,1445119085.0,MexicoAccount,20206,67405,207056,1,2015-10-17
14940,MX,visabusiness,493136.0,154700.0,MXN,MX,Ecommerce,TRUE,0,1445221059.0,MexicoAccount,39688,81993,246819,1,2015-10-19
15026,AU,visaplatinum,463797.0,38500.0,AUD,AU,Ecommerce,TRUE,0,1445277701.0,APACAccount,309163,6758,249332,1,2015-10-19
16456,MX,visagold,455255.0,114700.0,MXN,MX,Ecommerce,TRUE,0,1443818957.0,MexicoAccount,85147,67995,155682,1,2015-10-2
16457,MX,mccredit,535875.0,118915.0,MXN,MX,Ecommerce,TRUE,0,1443822668.0,MexicoAccount,192255,113030,216685,1,2015-10-2
16557,AU,mccredit,535316.0,54000.0,AUD,AU,Ecommerce,TRUE,0,1443814355.0,APACAccount,203894,130426,37195,1,2015-10-2
18306,MX,mccredit,557907.0,149900.0,MXN,MX,Ecommerce,TRUE,0,1445303301.0,MexicoAccount,28923,76777,2659,1,2015-10-20
18307,MX,mccredit,547046.0,64900.0,MXN,MX,Ecommerce,TRUE,0,1445308107.0,MexicoAccount,13943,84050,155533,1,2015-10-20
18308,MX,mccredit,520416.0,93415.0,MXN,MX,Ecommerce,TRUE,0,1445361843.0,MexicoAccount,84864,82577,260257,1,2015-10-20
18309,MX,mcdebit,525678.0,129900.0,MXN,MX,Ecommerce,TRUE,0,1445368906.0,MexicoAccount,15321,75919,103775,1,2015-10-20
18400,AU,visapurchasing,471514.0,8850.0,AUD,AU,Ecommerce,TRUE,0,1445349088.0,APACAccount,236905,476,176079,1,2015-10-20
19685,MX,mccredit,547046.0,139900.0,MXN,MX,Ecommerce,TRUE,0,1445392555.0,MexicoAccount,289996,111852,270982,1,2015-10-21
19802,AU,mccredit,552033.0,46500.0,AUD,AU,Ecommerce,TRUE,0,1445437065.0,APACAccount,42399,5976,247446,1,2015-10-21
19985,GB,mccredit,528683.0,9395.0,GBP,GB,ContAuth,FALSE,0,1445454183.0,UKAccount,93127,123749,158982,1,2015-10-21
21066,AU,mccredit,535316.0,20000.0,AUD,AU,Ecommerce,TRUE,0,1445482973.0,APACAccount,250746,132280,81247,1,2015-10-22
21067,AU,mccredit,552638.0,48000.0,AUD,AU,Ecommerce,TRUE,0,1445540136.0,APACAccount,44122,23880,98553,1,2015-10-22
21226,GB,mccredit,528683.0,13000.0,GBP,GB,ContAuth,FALSE,0,1445497292.0,UKAccount,93127,123778,158982,1,2015-10-22
21227,GB,mccredit,528683.0,12500.0,GBP,GB,ContAuth,FALSE,0,1445516141.0,UKAccount,93127,123778,158982,1,2015-10-22
21963,FI,mccredit,518706.0,190000.0,SEK,SE,Ecommerce,TRUE,1,1445540127.0,SwedenAccount,10250,174461,68686,1,2015-10-22
22014,MX,mccredit,547046.0,149900.0,MXN,MX,Ecommerce,TRUE,0,1445562172.0,MexicoAccount,253448,112333,4898,1,2015-10-23
22015,MX,mccredit,549138.0,139900.0,MXN,MX,Ecommerce,TRUE,0,1445567245.0,MexicoAccount,8082,84440,181005,1,2015-10-23
22253,GB,mccredit,528683.0,11000.0,GBP,GB,ContAuth,FALSE,0,1445552457.0,UKAccount,93127,123778,158982,1,2015-10-23
22254,GB,visadebit,476367.0,6895.0,GBP,GB,ContAuth,FALSE,0,1445593792.0,UKAccount,49477,140051,132046,1,2015-10-23
22255,GB,mccredit,528683.0,5595.0,GBP,GB,ContAuth,FALSE,0,1445594123.0,UKAccount,93127,123778,158982,1,2015-10-23
22256,GB,visadebit,476367.0,14700.0,GBP,GB,ContAuth,FALSE,0,1445595460.0,UKAccount,49477,140051,132046,1,2015-10-23
22257,GB,visaplatinum,492910.0,11050.0,GBP,GB,Ecommerce,TRUE,1,1445595684.0,UKAccount,166133,129934,188827,1,2015-10-23
22258,GB,mccredit,542011.0,23200.0,GBP,BG,Ecommerce,TRUE,1,1445606557.0,UKAccount,230289,339787,67262,1,2015-10-23
22259,GB,mcdebit,557351.0,27400.0,GBP,GB,Ecommerce,TRUE,1,1445622915.0,UKAccount,338214,49770,237846,1,2015-10-23
23290,MX,visaclassic,410180.0,99900.0,MXN,MX,Ecommerce,TRUE,0,1445666158.0,MexicoAccount,331934,60803,98836,1,2015-10-24
23291,MX,visagold,477213.0,109900.0,MXN,MX,Ecommerce,TRUE,0,1445669518.0,MexicoAccount,270250,71523,173766,1,2015-10-24
23292,MX,mccredit,544548.0,139900.0,MXN,MX,Ecommerce,TRUE,0,1445697171.0,MexicoAccount,103772,64902,38381,1,2015-10-24
23293,MX,visagold,477213.0,109900.0,MXN,MX,Ecommerce,TRUE,0,1445705112.0,MexicoAccount,60461,84083,123714,1,2015-10-24
23294,MX,visaclassic,494133.0,159900.0,MXN,MX,Ecommerce,TRUE,0,1445715228.0,MexicoAccount,14465,66864,78167,1,2015-10-24
23460,GB,visadebit,456735.0,3195.0,GBP,GB,Ecommerce,TRUE,1,1445686854.0,UKAccount,146375,250758,145461,1,2015-10-24
24322,MX,visadebit,415231.0,69900.0,MXN,MX,Ecommerce,TRUE,0,1445793022.0,MexicoAccount,307885,76115,268077,1,2015-10-25
24366,AU,mccredit,516321.0,14850.0,AUD,AU,Ecommerce,TRUE,0,1445755494.0,APACAccount,91015,23327,106242,1,2015-10-25
24367,AU,mccredit,516321.0,7850.0,AUD,AU,Ecommerce,TRUE,0,1445757071.0,APACAccount,91015,23327,106242,1,2015-10-25
25670,SE,mcdebit,554501.0,250000.0,SEK,SE,Ecommerce,TRUE,1,1445793626.0,SwedenAccount,307443,174586,214071,1,2015-10-25
25780,MX,mccredit,528851.0,129900.0,MXN,MX,Ecommerce,TRUE,0,1445831337.0,MexicoAccount,61935,79969,231152,1,2015-10-26
25781,MX,visadebit,415231.0,109900.0,MXN,MX,Ecommerce,TRUE,0,1445832102.0,MexicoAccount,48898,81448,156186,1,2015-10-26
25782,MX,visagold,477213.0,579800.0,MXN,MX,Ecommerce,TRUE,0,1445835413.0,MexicoAccount,333839,69072,61615,1,2015-10-26
25850,AU,mccredit,546827.0,16000.0,AUD,AU,Ecommerce,TRUE,0,1445863560.0,APACAccount,39165,1092,73227,1,2015-10-26
26043,JO,visaclassic,474701.0,6420.0,GBP,GB,Ecommerce,TRUE,1,1445879504.0,UKAccount,343093,227405,152658,1,2015-10-26
27295,FI,visadebit,492025.0,560000.0,SEK,SE,Ecommerce,TRUE,1,1445821267.0,SwedenAccount,50094,125937,123854,1,2015-10-26
27425,MX,visaclassic,493172.0,87900.0,MXN,MX,Ecommerce,TRUE,0,1445928829.0,MexicoAccount,217154,68002,145021,1,2015-10-27
27473,AU,visaclassic,494052.0,62500.0,AUD,AU,Ecommerce,TRUE,0,1445943189.0,APACAccount,235669,145998,214086,1,2015-10-27
27474,ID,mccredit,514934.0,25000.0,AUD,ID,Ecommerce,TRUE,0,1445947644.0,APACAccount,22044,23078,245586,1,2015-10-27
27475,AU,visaclassic,407264.0,12350.0,AUD,AU,Ecommerce,TRUE,0,1445971492.0,APACAccount,191462,794,86883,1,2015-10-27
27476,AU,mccredit,552033.0,12850.0,AUD,AU,Ecommerce,TRUE,0,1445976577.0,APACAccount,344499,1205,36821,1,2015-10-27
29075,AU,mccredit,535316.0,45000.0,AUD,AU,Ecommerce,TRUE,0,1446016233.0,APACAccount,305868,55246,218853,1,2015-10-28
29244,GB,visadebit,476367.0,12700.0,GBP,GB,ContAuth,FALSE,0,1446029902.0,UKAccount,288894,7113,38698,1,2015-10-28
29245,GB,visadebit,476367.0,22700.0,GBP,GB,ContAuth,FALSE,0,1446032449.0,UKAccount,288894,7113,38698,1,2015-10-28
29246,GB,visadebit,476367.0,26400.0,GBP,GB,ContAuth,FALSE,0,1446033840.0,UKAccount,288894,7113,38698,1,2015-10-28
29247,GB,visadebit,476367.0,6395.0,GBP,GB,ContAuth,FALSE,0,1446036380.0,UKAccount,288894,7113,38698,1,2015-10-28
29248,GB,visadebit,476367.0,24000.0,GBP,GB,ContAuth,FALSE,0,1446039298.0,UKAccount,90164,7113,132993,1,2015-10-28
29249,GB,visadebit,476367.0,11500.0,GBP,GB,ContAuth,FALSE,0,1446040375.0,UKAccount,90164,7113,132993,1,2015-10-28
31771,DE,mccredit,548346.0,94900.0,SEK,SE,Ecommerce,TRUE,1,1446148142.0,SwedenAccount,171286,165608,41134,1,2015-10-29
31947,NZ,visadebit,483741.0,25200.0,NZD,NZ,Ecommerce,TRUE,0,1443853304.0,APACAccount,2734,145180,7918,1,2015-10-3
31948,NZ,visadebit,483741.0,25200.0,NZD,NZ,Ecommerce,TRUE,0,1443853593.0,APACAccount,2734,145180,7918,1,2015-10-3
33500,MX,mccredit,549138.0,67915.0,MXN,MX,Ecommerce,TRUE,0,1446181220.0,MexicoAccount,331934,60803,238456,1,2015-10-30
33527,AU,mccredit,552350.0,35000.0,AUD,AU,Ecommerce,TRUE,0,1446215087.0,APACAccount,279701,31332,113560,1,2015-10-30
33528,AU,mccredit,544637.0,25000.0,AUD,AU,Ecommerce,TRUE,0,1446231103.0,APACAccount,305412,24083,102225,1,2015-10-30
33529,AU,mccredit,552033.0,48000.0,AUD,AU,Ecommerce,TRUE,0,1446239317.0,APACAccount,341522,115960,200737,1,2015-10-30
33723,GB,visadebit,476367.0,28500.0,GBP,GB,ContAuth,FALSE,0,1446207178.0,UKAccount,111032,140169,111718,1,2015-10-30
35732,MX,visaclassic,410180.0,659800.0,MXN,MX,Ecommerce,TRUE,0,1446247232.0,MexicoAccount,55291,68076,52726,1,2015-10-31
35733,MX,visaclassic,410180.0,489700.0,MXN,MX,Ecommerce,TRUE,0,1446254125.0,MexicoAccount,55291,68076,52726,1,2015-10-31
35734,MX,visaclassic,477291.0,79900.0,MXN,MX,Ecommerce,TRUE,0,1446257997.0,MexicoAccount,74278,113853,171609,1,2015-10-31
35735,MX,visaclassic,493172.0,149900.0,MXN,MX,Ecommerce,TRUE,0,1446261715.0,MexicoAccount,164253,61257,216742,1,2015-10-31
35909,GB,mccredit,543460.0,5350.0,GBP,NG,ContAuth,FALSE,0,1446318253.0,UKAccount,326146,142729,121188,1,2015-10-31
39230,MX,visaclassic,477291.0,39900.0,MXN,MX,Ecommerce,TRUE,0,1444022946.0,MexicoAccount,42127,82460,24142,1,2015-10-5
39329,NZ,visadebit,483741.0,42000.0,NZD,NZ,Ecommerce,TRUE,0,1444001979.0,APACAccount,2734,29971,7918,1,2015-10-5
39330,NZ,visadebit,483741.0,42000.0,NZD,NZ,Ecommerce,TRUE,0,1444002274.0,APACAccount,2734,29971,7918,1,2015-10-5
39331,NZ,visadebit,483741.0,25200.0,NZD,NZ,Ecommerce,TRUE,0,1444002712.0,APACAccount,2734,29971,7918,1,2015-10-5
39332,AU,mccredit,512127.0,24000.0,AUD,AU,Ecommerce,TRUE,0,1444013847.0,APACAccount,89685,291860,206418,1,2015-10-5
39333,AU,mccredit,512127.0,39500.0,AUD,AU,Ecommerce,TRUE,0,1444015227.0,APACAccount,89686,291860,206418,1,2015-10-5
39334,AU,visaplatinum,456468.0,59000.0,AUD,AU,Ecommerce,TRUE,0,1444051769.0,APACAccount,147096,116518,2654,1,2015-10-5
41250,MX,mccredit,528851.0,89900.0,MXN,MX,Ecommerce,TRUE,0,1444105924.0,MexicoAccount,217440,79964,149558,1,2015-10-6
41342,AU,mccredit,535316.0,49000.0,AUD,AU,Ecommerce,TRUE,0,1444142726.0,APACAccount,337461,157278,222474,1,2015-10-6
43055,MX,mccredit,545631.0,139800.0,MXN,MX,Ecommerce,TRUE,0,1444169988.0,MexicoAccount,172798,112422,243668,1,2015-10-7
43138,BR,visagold,403254.0,8500.0,NZD,BR,Ecommerce,TRUE,0,1444192713.0,APACAccount,226220,64365,114194,1,2015-10-7
44919,MX,visaclassic,405306.0,239700.0,MXN,MX,Ecommerce,TRUE,0,1444260522.0,MexicoAccount,328674,70031,254539,1,2015-10-8
54587,MX,mccredit,528843.0,199900.0,MXN,MX,Ecommerce,TRUE,0,1444354873.0,MexicoAccount,153861,63010,26256,1,2015-10-9
54588,MX,visagold,455255.0,149800.0,MXN,MX,Ecommerce,TRUE,0,1444409312.0,MexicoAccount,60290,69262,2468,1,2015-10-9
54589,MX,mccredit,547146.0,159900.0,MXN,MX,Ecommerce,TRUE,0,1444421620.0,MexicoAccount,187379,67556,114996,1,2015-10-9
57351,MX,mccredit,530056.0,64800.0,MXN,MX,Ecommerce,TRUE,0,1435784591.0,MexicoAccount,68370,111778,184798,1,2015-7-1
57475,AU,mccredit,552033.0,36000.0,AUD,AU,Ecommerce,TRUE,0,1435752801.0,APACAccount,34521,2950,267106,1,2015-7-1
59858,AU,mccredit,516310.0,15350.0,AUD,AU,Ecommerce,TRUE,0,1436514081.0,APACAccount,335877,53862,110886,1,2015-7-10
59859,AU,mccredit,552350.0,25700.0,AUD,AU,Ecommerce,TRUE,0,1436529632.0,APACAccount,79632,3802,138883,1,2015-7-10
60089,GB,mccredit,542011.0,15240.0,GBP,GB,Ecommerce,TRUE,1,1436540201.0,UKAccount,215549,253292,229967,1,2015-7-10
62268,MX,mccredit,549138.0,99900.0,MXN,MX,Ecommerce,TRUE,0,1436600654.0,MexicoAccount,182966,113025,160922,1,2015-7-11
62269,MX,mccredit,520416.0,129900.0,MXN,MX,Ecommerce,TRUE,0,1436633645.0,MexicoAccount,121326,66645,101732,1,2015-7-11
64940,SE,mccredit,520991.0,393000.0,SEK,SE,Ecommerce,TRUE,1,1436615403.0,SwedenAccount,314567,227986,51,1,2015-7-11
65193,AU,mccredit,521729.0,26000.0,AUD,AU,Ecommerce,TRUE,0,1436714820.0,APACAccount,143990,114436,192078,1,2015-7-12
65194,AU,visasignature,414726.0,50000.0,AUD,AU,Ecommerce,TRUE,0,1436727563.0,APACAccount,91463,23140,108925,1,2015-7-12
68649,AU,mccredit,516361.0,11850.0,AUD,AU,Ecommerce,TRUE,0,1436770538.0,APACAccount,331335,38807,29834,1,2015-7-13
68650,AU,visadebit,401795.0,15300.0,AUD,AU,Ecommerce,TRUE,0,1436798427.0,APACAccount,312815,24698,258507,1,2015-7-13
68886,GB,visadebit,476230.0,5150.0,GBP,GB,ContAuth,FALSE,0,1436812174.0,UKAccount,203963,207118,253842,1,2015-7-13
72108,MX,mcdebit,525678.0,84915.0,MXN,MX,Ecommerce,TRUE,0,1436996762.0,MexicoAccount,73234,76993,208276,1,2015-7-15
72210,AU,visaclassic,494052.0,26000.0,AUD,AU,Ecommerce,TRUE,0,1436976656.0,APACAccount,111048,6117,151236,1,2015-7-15
73847,AU,visaplatinum,455701.0,59000.0,AUD,AU,Ecommerce,TRUE,0,1437007477.0,APACAccount,338986,20318,82080,1,2015-7-16
75209,MX,visagold,493173.0,119900.0,MXN,MX,Ecommerce,TRUE,0,1437096300.0,MexicoAccount,92697,76878,264612,1,2015-7-17
75210,MX,visagold,477213.0,99900.0,MXN,MX,Ecommerce,TRUE,0,1437112336.0,MexicoAccount,128862,70728,250464,1,2015-7-17
77934,MX,mccredit,520416.0,137900.0,MXN,MX,Ecommerce,TRUE,0,1437263675.0,MexicoAccount,205298,78514,214147,1,2015-7-19
79602,MX,mccredit,547046.0,44900.0,MXN,MX,Ecommerce,TRUE,0,1435805455.0,MexicoAccount,101299,78749,151595,1,2015-7-2
79603,MX,mccredit,528843.0,149900.0,MXN,MX,Ecommerce,TRUE,0,1435840228.0,MexicoAccount,278604,70594,242142,1,2015-7-2
83485,SE,mccredit,554477.0,729500.0,SEK,SE,Ecommerce,TRUE,1,1437362685.0,SwedenAccount,21997,173344,57772,1,2015-7-20
83636,MX,visaclassic,455545.0,115300.0,MXN,MX,Ecommerce,TRUE,0,1437507018.0,MexicoAccount,200329,85198,67812,1,2015-7-21
83723,AU,visabusiness,429318.0,18000.0,AUD,AU,Ecommerce,TRUE,0,1437501422.0,APACAccount,223841,160005,58916,1,2015-7-21
83724,AU,visasignature,414726.0,36000.0,AUD,AU,Ecommerce,TRUE,0,1437502703.0,APACAccount,240011,32073,126896,1,2015-7-21
85238,MX,mccredit,528843.0,102900.0,MXN,MX,Ecommerce,TRUE,0,1437520931.0,MexicoAccount,52218,66658,15137,1,2015-7-22
85239,MX,visaclassic,426807.0,159900.0,MXN,MX,Ecommerce,TRUE,0,1437525390.0,MexicoAccount,241832,77787,31669,1,2015-7-22
85240,MX,mccredit,544549.0,89165.0,MXN,MX,Ecommerce,TRUE,0,1437541784.0,MexicoAccount,171889,70519,241186,1,2015-7-22
85337,AU,mccredit,552033.0,33000.0,AUD,AU,Ecommerce,TRUE,0,1437540542.0,APACAccount,208861,29560,11959,1,2015-7-22
85338,AU,mccredit,552033.0,18500.0,AUD,AU,Ecommerce,TRUE,0,1437573069.0,APACAccount,208861,29560,11959,1,2015-7-22
86636,SE,mcdebit,554501.0,769500.0,SEK,SE,Ecommerce,TRUE,1,1437556705.0,SwedenAccount,320578,200504,253416,1,2015-7-22
86768,MX,mccredit,557910.0,119900.0,MXN,MX,Ecommerce,TRUE,0,1437670521.0,MexicoAccount,260026,65124,157094,1,2015-7-23
86769,MX,mccredit,520416.0,160800.0,MXN,MX,Ecommerce,TRUE,0,1437687867.0,MexicoAccount,105581,81624,235670,1,2015-7-23
86841,AU,mccredit,552033.0,12750.0,AUD,AU,Ecommerce,TRUE,0,1437617865.0,APACAccount,208861,29560,11959,1,2015-7-23
88266,AU,mccredit,552350.0,33000.0,AUD,AU,Ecommerce,TRUE,0,1437694610.0,APACAccount,259430,130088,46849,1,2015-7-24
91074,MX,mccredit,520021.0,89900.0,MXN,MX,Ecommerce,TRUE,0,1437858682.0,MexicoAccount,250381,64823,43275,1,2015-7-25
91133,AU,mccredit,532655.0,3850.0,AUD,AU,Ecommerce,TRUE,0,1437809241.0,APACAccount,306502,24135,18584,1,2015-7-25
93136,MX,mccredit,520021.0,97900.0,MXN,MX,Ecommerce,TRUE,0,1437875752.0,MexicoAccount,13339,67976,270780,1,2015-7-26
93137,MX,mccredit,518853.0,129900.0,MXN,US,Ecommerce,TRUE,0,1437942149.0,MexicoAccount,100813,352385,236034,1,2015-7-26
95978,GB,visadebit,446291.0,7500.0,GBP,GB,ContAuth,FALSE,0,1438010937.0,UKAccount,257146,349441,108918,1,2015-7-27
97559,MX,mccredit,520416.0,191900.0,MXN,MX,Ecommerce,TRUE,0,1438099371.0,MexicoAccount,21032,70585,252061,1,2015-7-28
97560,MX,mccredit,554900.0,93415.0,MXN,MX,Ecommerce,TRUE,0,1438116035.0,MexicoAccount,93270,112449,147712,1,2015-7-28
97665,AU,visabusiness,455704.0,82300.0,AUD,AU,Ecommerce,TRUE,0,1438049809.0,APACAccount,227822,17642,237632,1,2015-7-28
97666,AU,visaclassic,494052.0,23000.0,AUD,AU,Ecommerce,TRUE,0,1438103213.0,APACAccount,293014,145442,93938,1,2015-7-28
97667,AU,visasignature,414726.0,26000.0,AUD,AU,Ecommerce,TRUE,0,1438114806.0,APACAccount,36571,25981,9205,1,2015-7-28
99276,MX,visaclassic,477291.0,289900.0,MXN,MX,Ecommerce,TRUE,0,1438185413.0,MexicoAccount,21032,70585,140567,1,2015-7-29
99381,AU,visagold,494053.0,36000.0,AUD,AU,Ecommerce,TRUE,0,1438126743.0,APACAccount,118325,131461,161666,1,2015-7-29
100903,MX,mccredit,547146.0,109900.0,MXN,MX,Ecommerce,TRUE,0,1435902817.0,MexicoAccount,47409,113648,181744,1,2015-7-3
101030,AU,mccredit,550201.0,15000.0,AUD,AU,Ecommerce,TRUE,0,1435906638.0,APACAccount,199771,116906,142412,1,2015-7-3
102844,MX,visaplatinum,477214.0,118900.0,MXN,MX,Ecommerce,TRUE,0,1438228127.0,MexicoAccount,332232,112910,148220,1,2015-7-30
102845,MX,visaplatinum,410181.0,329900.0,MXN,MX,Ecommerce,TRUE,0,1438234254.0,MexicoAccount,136002,111250,45886,1,2015-7-30
102846,MX,visaplatinum,410181.0,181900.0,MXN,MX,Ecommerce,TRUE,0,1438234718.0,MexicoAccount,136002,111250,45886,1,2015-7-30
102847,MX,visaclassic,493161.0,169915.0,MXN,MX,Ecommerce,TRUE,0,1438280676.0,MexicoAccount,251083,84162,48227,1,2015-7-30
102848,MX,visaclassic,454069.0,99900.0,MXN,MX,Ecommerce,TRUE,0,1438287364.0,MexicoAccount,163478,113963,266191,1,2015-7-30
104555,MX,visaclassic,426807.0,129900.0,MXN,MX,Ecommerce,TRUE,0,1438323142.0,MexicoAccount,346054,77866,193843,1,2015-7-31
104556,MX,mccredit,520416.0,83900.0,MXN,MX,Ecommerce,TRUE,0,1438345662.0,MexicoAccount,129360,66658,47876,1,2015-7-31
104557,MX,visaplatinum,477214.0,79900.0,MXN,MX,Ecommerce,TRUE,0,1438376542.0,MexicoAccount,92308,77120,88373,1,2015-7-31
104806,GB,visadebit,476225.0,9395.0,GBP,GB,Ecommerce,TRUE,1,1438307222.0,UKAccount,119565,316557,78119,1,2015-7-31
106316,AU,mccredit,552033.0,23100.0,AUD,AU,Ecommerce,TRUE,0,1435974075.0,APACAccount,201150,28147,208560,1,2015-7-4
106445,GB,visadebit,476358.0,7095.0,GBP,GB,Ecommerce,TRUE,1,1436018194.0,UKAccount,132088,269934,165881,1,2015-7-4
110864,AU,mccredit,522980.0,52000.0,AUD,AU,Ecommerce,TRUE,0,1436141316.0,APACAccount,93587,158996,115256,1,2015-7-6
112831,NL,mccredit,522078.0,24900.0,SEK,DE,Ecommerce,TRUE,1,1436143881.0,SwedenAccount,331518,62555,228065,1,2015-7-6
114901,SE,mccredit,522767.0,415000.0,SEK,SE,Ecommerce,TRUE,1,1436264007.0,SwedenAccount,142172,226855,96104,1,2015-7-7
115052,MX,visaclassic,477291.0,89900.0,MXN,MX,Ecommerce,TRUE,0,1436373335.0,MexicoAccount,205501,83553,97271,1,2015-7-8
115053,MX,visaclassic,493161.0,79900.0,MXN,MX,Ecommerce,TRUE,0,1436389466.0,MexicoAccount,243511,112410,159816,1,2015-7-8
116943,MX,visaclassic,477291.0,69900.0,MXN,MX,Ecommerce,TRUE,0,1436401896.0,MexicoAccount,137086,83481,251249,1,2015-7-9
116944,MX,mccredit,520416.0,129900.0,MXN,MX,Ecommerce,TRUE,0,1436410608.0,MexicoAccount,295644,66704,70297,1,2015-7-9
116945,MX,visaclassic,477291.0,129900.0,MXN,MX,Ecommerce,TRUE,0,1436475340.0,MexicoAccount,115605,68088,39791,1,2015-7-9
118524,GB,visadebit,475714.0,32900.0,SEK,SE,Ecommerce,TRUE,1,1436401963.0,SwedenAccount,235494,200377,6516,1,2015-7-9
118686,MX,mccredit,547046.0,119900.0,MXN,MX,Ecommerce,TRUE,0,1438413049.0,MexicoAccount,136002,66496,131108,1,2015-8-1
118687,MX,mccredit,547046.0,217700.0,MXN,MX,Ecommerce,TRUE,0,1438414185.0,MexicoAccount,136002,66496,131108,1,2015-8-1
118754,AU,mccredit,552033.0,45300.0,AUD,AU,Ecommerce,TRUE,0,1438432096.0,APACAccount,254888,4,200829,1,2015-8-1
120537,MX,visaclassic,477291.0,119940.0,MXN,MX,Ecommerce,TRUE,0,1439172398.0,MexicoAccount,45468,79970,66367,1,2015-8-10
120538,MX,visaclassic,477291.0,119940.0,MXN,MX,Ecommerce,TRUE,0,1439178978.0,MexicoAccount,152900,79974,67358,1,2015-8-10
120539,MX,mccredit,554629.0,119900.0,MXN,MX,Ecommerce,TRUE,0,1439240179.0,MexicoAccount,15408,53370,74661,1,2015-8-10
120625,AU,mccredit,552033.0,47500.0,AUD,AU,Ecommerce,TRUE,0,1439191093.0,APACAccount,307610,137,153046,1,2015-8-10
120626,AU,mccredit,552033.0,40000.0,AUD,AU,Ecommerce,TRUE,0,1439217386.0,APACAccount,336981,22420,154667,1,2015-8-10
122629,AU,mccredit,531355.0,34000.0,AUD,AU,Ecommerce,TRUE,0,1439252847.0,APACAccount,330564,158889,255587,1,2015-8-11
122630,AU,mccredit,544434.0,13850.0,AUD,AU,Ecommerce,TRUE,0,1439273695.0,APACAccount,20370,33928,223178,1,2015-8-11
122906,GB,visadebit,484431.0,4325.0,GBP,GB,Ecommerce,TRUE,1,1439314443.0,UKAccount,193167,337144,91862,1,2015-8-11
124477,MX,mccredit,547046.0,109900.0,MXN,MX,Ecommerce,TRUE,0,1439356418.0,MexicoAccount,346968,66157,33244,1,2015-8-12
124478,MX,mccredit,554629.0,39900.0,MXN,MX,Ecommerce,TRUE,0,1439406095.0,MexicoAccount,110639,111251,40390,1,2015-8-12
124561,AU,mccredit,535316.0,29500.0,AUD,AU,Ecommerce,TRUE,0,1439363305.0,APACAccount,67328,55261,211875,1,2015-8-12
126339,MX,visaclassic,477291.0,109900.0,MXN,MX,Ecommerce,TRUE,0,1439429280.0,MexicoAccount,272807,112324,271123,1,2015-8-13
126340,MX,mccredit,520416.0,29900.0,MXN,MX,Ecommerce,TRUE,0,1439500361.0,MexicoAccount,254473,79224,170352,1,2015-8-13
126425,AU,mccredit,535316.0,20000.0,AUD,AU,Ecommerce,TRUE,0,1439443974.0,APACAccount,222264,132795,115823,1,2015-8-13
130081,MX,visaplatinum,477214.0,174600.0,MXN,MX,Ecommerce,TRUE,0,1439625625.0,MexicoAccount,45467,79967,229586,1,2015-8-15
131719,AU,visapurchasing,471514.0,51000.0,AUD,AU,Ecommerce,TRUE,0,1439724766.0,APACAccount,35874,118330,23723,1,2015-8-16
133565,AU,mccredit,535316.0,54000.0,AUD,AU,Ecommerce,TRUE,0,1439770713.0,APACAccount,304043,55223,89312,1,2015-8-17
133566,AU,mccredit,535318.0,8850.0,AUD,AU,Ecommerce,TRUE,0,1439810037.0,APACAccount,155040,343,184954,1,2015-8-17
133567,AU,visaplatinum,456469.0,10850.0,AUD,AU,Ecommerce,TRUE,0,1439829539.0,APACAccount,37997,37667,262831,1,2015-8-17
135258,MX,visaclassic,493161.0,183900.0,MXN,MX,Ecommerce,TRUE,0,1439857642.0,MexicoAccount,260038,77098,171137,1,2015-8-18
135259,MX,mccredit,535875.0,79800.0,MXN,MX,Ecommerce,TRUE,0,1439911532.0,MexicoAccount,346417,113577,110464,1,2015-8-18
135368,AU,mccredit,552350.0,34500.0,AUD,AU,Ecommerce,TRUE,0,1439923954.0,APACAccount,37691,1044,5857,1,2015-8-18
140729,AU,mccredit,535316.0,17000.0,AUD,AU,Ecommerce,TRUE,0,1438535756.0,APACAccount,232674,23988,82287,1,2015-8-2
142336,SE,visaclassic,411824.0,299000.0,SEK,SE,Ecommerce,TRUE,1,1438527284.0,SwedenAccount,288927,199909,157361,1,2015-8-2
142519,MX,visaclassic,455500.0,399900.0,MXN,MX,Ecommerce,TRUE,0,1440022557.0,MexicoAccount,110975,67308,255653,1,2015-8-20
142520,MX,visaclassic,418080.0,83900.0,MXN,MX,Ecommerce,TRUE,0,1440043167.0,MexicoAccount,65572,81994,14537,1,2015-8-20
142521,MX,mccredit,554629.0,109900.0,MXN,MX,Ecommerce,TRUE,0,1440043434.0,MexicoAccount,153790,55320,250241,1,2015-8-20
142522,MX,visaclassic,477291.0,199900.0,MXN,MX,Ecommerce,TRUE,0,1440099033.0,MexicoAccount,92808,69940,130901,1,2015-8-20
142610,AU,visa,456409.0,52000.0,AUD,AU,Ecommerce,TRUE,0,1440036716.0,APACAccount,337784,55220,11068,1,2015-8-20
142611,AU,visagold,407220.0,54000.0,AUD,AU,Ecommerce,TRUE,0,1440063644.0,APACAccount,252687,55107,30168,1,2015-8-20
144458,AU,visaplatinum,456468.0,83000.0,AUD,AU,Ecommerce,TRUE,0,1440118941.0,APACAccount,184888,1696,11015,1,2015-8-21
146246,MX,visaclassic,477291.0,41900.0,MXN,MX,Ecommerce,TRUE,0,1440214731.0,MexicoAccount,309212,114017,136478,1,2015-8-22
146247,MX,visaclassic,477291.0,149900.0,MXN,MX,Ecommerce,TRUE,0,1440222993.0,MexicoAccount,164007,110536,119514,1,2015-8-22
148009,SE,visadebit,453903.0,110000.0,SEK,SE,Ecommerce,TRUE,1,1440256624.0,SwedenAccount,103619,199662,135254,1,2015-8-22
148189,AU,mccredit,528013.0,16000.0,AUD,AU,Ecommerce,TRUE,0,1440324202.0,APACAccount,313035,24390,150456,1,2015-8-23
150122,AU,mccredit,535316.0,72000.0,AUD,AU,Ecommerce,TRUE,0,1440377648.0,APACAccount,90767,55235,166933,1,2015-8-24
150123,AU,mccredit,519244.0,15000.0,AUD,AU,Ecommerce,TRUE,0,1440393220.0,APACAccount,161296,37566,44926,1,2015-8-24
150124,AU,mccredit,552033.0,44000.0,AUD,AU,Ecommerce,TRUE,0,1440442446.0,APACAccount,270653,1646,270126,1,2015-8-24
151967,MX,visaclassic,477291.0,153900.0,MXN,MX,Ecommerce,TRUE,0,1440525685.0,MexicoAccount,205408,61472,34327,1,2015-8-25
152052,AU,visaplatinum,456468.0,74000.0,AUD,AU,Ecommerce,TRUE,0,1440474364.0,APACAccount,115857,117612,9002,1,2015-8-25
152053,AU,visaplatinum,456472.0,12850.0,AUD,AU,Ecommerce,TRUE,0,1440501091.0,APACAccount,317030,146795,235791,1,2015-8-25
152054,AU,mccredit,535316.0,37500.0,AUD,AU,Ecommerce,TRUE,0,1440508618.0,APACAccount,103112,32792,14697,1,2015-8-25
154230,AU,mccredit,535316.0,56200.0,AUD,AU,Ecommerce,TRUE,0,1440606799.0,APACAccount,236460,145321,227593,1,2015-8-26
156156,MX,visaclassic,477291.0,129900.0,MXN,MX,Ecommerce,TRUE,0,1440630223.0,MexicoAccount,115383,112402,108146,1,2015-8-27
156157,MX,visaplatinum,477214.0,79900.0,MXN,MX,Ecommerce,TRUE,0,1440660153.0,MexicoAccount,221682,85090,184037,1,2015-8-27
156158,MX,visadebit,421316.0,329900.0,MXN,MX,Ecommerce,TRUE,0,1440701904.0,MexicoAccount,92612,66236,17825,1,2015-8-27
156233,AU,visaplatinum,456472.0,52000.0,AUD,AU,Ecommerce,TRUE,0,1440653301.0,APACAccount,30033,5862,6643,1,2015-8-27
157994,SE,mcdebit,554501.0,118500.0,SEK,SE,Ecommerce,TRUE,1,1440647521.0,SwedenAccount,85899,227678,68415,1,2015-8-27
157995,SE,mcdebit,554501.0,118500.0,SEK,SE,Ecommerce,TRUE,1,1440647821.0,SwedenAccount,85899,227678,68415,1,2015-8-27
157996,SE,mcdebit,554501.0,268500.0,SEK,SE,Ecommerce,TRUE,1,1440649800.0,SwedenAccount,85899,227678,68415,1,2015-8-27
157997,SE,visadebit,453903.0,180000.0,SEK,SE,Ecommerce,TRUE,1,1440706870.0,SwedenAccount,18312,71717,146515,1,2015-8-27
158172,MX,visagold,477213.0,139900.0,MXN,MX,Ecommerce,TRUE,0,1440717629.0,MexicoAccount,85746,79980,79066,1,2015-8-28
158173,MX,visaclassic,420199.0,189900.0,MXN,MX,Ecommerce,TRUE,0,1440732909.0,MexicoAccount,85714,84052,195152,1,2015-8-28
158174,MX,visaclassic,420199.0,184800.0,MXN,MX,Ecommerce,TRUE,0,1440739730.0,MexicoAccount,85745,79997,180625,1,2015-8-28
158409,US,mccredit,528725.0,5500.0,GBP,GB,ContAuth,FALSE,0,1440776777.0,UKAccount,325211,172354,10824,1,2015-8-28
160325,SE,visadebit,453903.0,310000.0,SEK,SE,Ecommerce,TRUE,1,1440715136.0,SwedenAccount,40112,71719,146515,1,2015-8-28
160326,SE,mcdebit,554501.0,380000.0,SEK,SE,Ecommerce,TRUE,1,1440786760.0,SwedenAccount,295379,199899,60639,1,2015-8-28
162214,SE,visadebit,453903.0,380000.0,SEK,SE,Ecommerce,TRUE,1,1440799592.0,SwedenAccount,183981,135804,187951,1,2015-8-29
162333,MX,visaclassic,477291.0,99800.0,MXN,MX,Ecommerce,TRUE,0,1438562568.0,MexicoAccount,171719,68604,240559,1,2015-8-3
162334,MX,visaplatinum,477214.0,119940.0,MXN,MX,Ecommerce,TRUE,0,1438572073.0,MexicoAccount,45466,80018,182393,1,2015-8-3
162335,MX,visaclassic,477291.0,109900.0,MXN,MX,Ecommerce,TRUE,0,1438606075.0,MexicoAccount,110896,79213,217683,1,2015-8-3
162336,MX,mccredit,517712.0,199900.0,MXN,MX,Ecommerce,TRUE,0,1438616121.0,MexicoAccount,252743,110195,100209,1,2015-8-3
162337,MX,mccredit,557910.0,95900.0,MXN,MX,Ecommerce,TRUE,0,1438635086.0,MexicoAccount,146808,77056,253893,1,2015-8-3
164587,MX,visaplatinum,477214.0,189800.0,MXN,MX,Ecommerce,TRUE,0,1440895072.0,MexicoAccount,85684,84133,185007,1,2015-8-30
166405,MX,mccredit,528843.0,149900.0,MXN,MX,Ecommerce,TRUE,0,1441041893.0,MexicoAccount,125640,67696,212019,1,2015-8-31
166406,MX,visaplatinum,477214.0,182800.0,MXN,MX,Ecommerce,TRUE,0,1441055469.0,MexicoAccount,85716,79978,88606,1,2015-8-31
168561,MX,mccredit,520416.0,103900.0,MXN,MX,Ecommerce,TRUE,0,1438671111.0,MexicoAccount,205214,66724,213179,1,2015-8-4
168562,MX,visadebit,441545.0,129900.0,MXN,MX,Ecommerce,TRUE,0,1438678284.0,MexicoAccount,136002,66496,77403,1,2015-8-4
168672,AU,visaclassic,456450.0,14850.0,AUD,AU,Ecommerce,TRUE,0,1438684946.0,APACAccount,336233,157438,16444,1,2015-8-4
170752,MX,visagold,477213.0,109900.0,MXN,MX,Ecommerce,TRUE,0,1438738649.0,MexicoAccount,92803,69307,248056,1,2015-8-5
170753,MX,mccredit,522174.0,74900.0,MXN,MX,Ecommerce,TRUE,0,1438789665.0,MexicoAccount,21032,70586,134288,1,2015-8-5
170846,AU,visaclassic,456471.0,29800.0,AUD,AU,Ecommerce,TRUE,0,1438747111.0,APACAccount,41603,146508,25081,1,2015-8-5
172827,MX,visaclassic,477291.0,109900.0,MXN,MX,Ecommerce,TRUE,0,1438821948.0,MexicoAccount,72344,81354,222807,1,2015-8-6
172828,MX,mccredit,520416.0,129900.0,MXN,MX,Ecommerce,TRUE,0,1438881083.0,MexicoAccount,334864,80629,99997,1,2015-8-6
173154,GB,visadebit,475130.0,13400.0,GBP,GB,ContAuth,FALSE,0,1438847148.0,UKAccount,210351,148854,241682,1,2015-8-6
173155,GB,visadebit,475130.0,5300.0,GBP,GB,ContAuth,FALSE,0,1438849125.0,UKAccount,210351,148854,241682,1,2015-8-6
173156,GB,visadebit,475130.0,4000.0,GBP,GB,ContAuth,FALSE,0,1438849293.0,UKAccount,210351,148854,241682,1,2015-8-6
176726,MX,visadebit,416916.0,59800.0,MXN,MX,Ecommerce,TRUE,0,1438995270.0,MexicoAccount,92748,80156,63236,1,2015-8-8
176727,MX,mccredit,547146.0,99900.0,MXN,MX,Ecommerce,TRUE,0,1439003108.0,MexicoAccount,51862,78633,239579,1,2015-8-8
176786,AU,visaplatinum,455701.0,16000.0,AUD,AU,Ecommerce,TRUE,0,1438990262.0,APACAccount,191102,611,134068,1,2015-8-8
176787,AU,mccredit,521729.0,20000.0,AUD,AU,Ecommerce,TRUE,0,1439007383.0,APACAccount,237726,146581,43348,1,2015-8-8
176788,AU,visaclassic,494052.0,41000.0,AUD,AU,Ecommerce,TRUE,0,1439041129.0,APACAccount,118183,132796,216538,1,2015-8-8
178273,BR,visa,406669.0,16000.0,AUD,BR,Ecommerce,TRUE,0,1439081304.0,APACAccount,105510,114283,147190,1,2015-8-9
180115,AU,visaclassic,494052.0,43500.0,AUD,AU,Ecommerce,TRUE,0,1441106809.0,APACAccount,280024,55255,140495,1,2015-9-1
180391,MY,mccredit,552115.0,11050.0,GBP,MY,Ecommerce,TRUE,1,1441126534.0,UKAccount,145778,25947,194032,1,2015-9-1
184626,SE,visadebit,455262.0,94900.0,SEK,SE,Ecommerce,TRUE,1,1441839956.0,SwedenAccount,328749,229679,121495,1,2015-9-10
184627,SE,visadebit,455262.0,49900.0,SEK,SE,Ecommerce,TRUE,1,1441841665.0,SwedenAccount,328215,229679,121495,1,2015-9-10
184628,SE,visadebit,455262.0,49900.0,SEK,SE,Ecommerce,TRUE,1,1441842020.0,SwedenAccount,328215,229679,121495,1,2015-9-10
184768,MX,visagold,455255.0,89900.0,MXN,MX,Ecommerce,TRUE,0,1441954429.0,MexicoAccount,265992,42080,177780,1,2015-9-11
184842,AU,visa,414726.0,22500.0,AUD,AU,Ecommerce,TRUE,0,1441952543.0,APACAccount,47947,42320,85518,1,2015-9-11
184843,AU,visadebit,423953.0,43500.0,AUD,AU,Ecommerce,TRUE,0,1441988006.0,APACAccount,345447,25397,93343,1,2015-9-11
186202,FI,mcdebit,543065.0,427500.0,SEK,SE,Ecommerce,TRUE,1,1441952778.0,SwedenAccount,175871,160664,132661,1,2015-9-11
186353,AU,visasignature,460184.0,37500.0,AUD,AU,Ecommerce,TRUE,0,1442091452.0,APACAccount,238323,1460,226920,1,2015-9-12
187647,SE,visadebit,453903.0,110000.0,SEK,SE,Ecommerce,TRUE,1,1442050084.0,SwedenAccount,345322,87029,172769,1,2015-9-12
187648,SE,visadebit,453903.0,124500.0,SEK,SE,Ecommerce,TRUE,1,1442051126.0,SwedenAccount,345322,87029,172769,1,2015-9-12
189363,MX,mccredit,547046.0,620000.0,SEK,SE,Ecommerce,TRUE,1,1442150496.0,SwedenAccount,77101,174481,200013,1,2015-9-13
189529,MX,visaclassic,477291.0,269800.0,MXN,MX,Ecommerce,TRUE,0,1442248990.0,MexicoAccount,91755,68258,135102,1,2015-9-14
189655,AU,mccredit,555005.0,20000.0,AUD,AU,Ecommerce,TRUE,0,1442206594.0,APACAccount,269378,23806,129259,1,2015-9-14
191292,FI,visadebit,492010.0,538500.0,SEK,SE,Ecommerce,TRUE,1,1442220152.0,SwedenAccount,253545,165998,115126,1,2015-9-14
191646,AU,mccredit,552033.0,63000.0,AUD,AU,Ecommerce,TRUE,0,1442304236.0,APACAccount,343425,116491,21836,1,2015-9-15
196765,MX,visaclassic,417849.0,89700.0,MXN,MX,Ecommerce,TRUE,0,1442527368.0,MexicoAccount,51810,111247,23089,1,2015-9-18
196766,MX,visadebit,421316.0,59900.0,MXN,MX,Ecommerce,TRUE,0,1442532284.0,MexicoAccount,85705,81717,227836,1,2015-9-18
196767,MX,visaclassic,493172.0,279700.0,MXN,MX,Ecommerce,TRUE,0,1442555771.0,MexicoAccount,288922,71405,154659,1,2015-9-18
198303,MX,mccredit,549138.0,79900.0,MXN,MX,Ecommerce,TRUE,0,1442629866.0,MexicoAccount,222155,111631,174087,1,2015-9-19
198304,MX,visadebit,421316.0,99900.0,MXN,MX,Ecommerce,TRUE,0,1442633765.0,MexicoAccount,13251,69300,216473,1,2015-9-19
199970,MX,visaclassic,455545.0,169800.0,MXN,MX,Ecommerce,TRUE,0,1441148060.0,MexicoAccount,343416,67927,159223,1,2015-9-2
199971,MX,visagold,477213.0,149900.0,MXN,MX,Ecommerce,TRUE,0,1441210875.0,MexicoAccount,342107,69950,221724,1,2015-9-2
199972,MX,visaplatinum,477214.0,169900.0,MXN,MX,Ecommerce,TRUE,0,1441225566.0,MexicoAccount,343941,84116,42364,1,2015-9-2
200067,AU,visaclassic,456471.0,26000.0,AUD,AU,Ecommerce,TRUE,0,1441161737.0,APACAccount,135597,116791,136954,1,2015-9-2
202407,GB,visaclassic,412983.0,7500.0,GBP,GB,ContAuth,FALSE,0,1442775100.0,UKAccount,80780,123769,214602,1,2015-9-20
204107,MX,visaclassic,405306.0,29900.0,MXN,MX,Ecommerce,TRUE,0,1442795056.0,MexicoAccount,53604,6330,184406,1,2015-9-21
204199,AU,mccredit,544434.0,28000.0,AUD,AU,Ecommerce,TRUE,0,1442814332.0,APACAccount,81544,23927,196262,1,2015-9-21
204543,GB,visaclassic,412983.0,6500.0,GBP,GB,ContAuth,FALSE,0,1442821631.0,UKAccount,80780,123657,214602,1,2015-9-21
206947,AU,mccredit,532655.0,26000.0,AUD,AU,Ecommerce,TRUE,0,1442922123.0,APACAccount,45244,116825,76246,1,2015-9-22
206948,AU,visasignature,414726.0,20000.0,AUD,AU,Ecommerce,TRUE,0,1442928478.0,APACAccount,270718,159441,99594,1,2015-9-22
209128,MX,visaplatinum,477214.0,179900.0,MXN,MX,Ecommerce,TRUE,0,1442977782.0,MexicoAccount,275978,84096,146232,1,2015-9-23
209208,AU,visaplatinum,456468.0,33000.0,AUD,AU,Ecommerce,TRUE,0,1443002129.0,APACAccount,304924,116519,154411,1,2015-9-23
210860,AU,mcdebit,516366.0,43500.0,AUD,AU,Ecommerce,TRUE,0,1443047449.0,APACAccount,181374,142874,116260,1,2015-9-24
211254,TH,visadebit,494312.0,34000.0,GBP,TH,ContAuth,FALSE,0,1443095677.0,UKAccount,264534,147623,205541,1,2015-9-24
212348,MX,visaclassic,477291.0,159900.0,MXN,MX,Ecommerce,TRUE,0,1443190992.0,MexicoAccount,265812,80399,155689,1,2015-9-25
214211,AU,mccredit,512127.0,56000.0,AUD,AU,Ecommerce,TRUE,0,1443235148.0,APACAccount,178034,5993,144150,1,2015-9-26
214212,AU,mccredit,535318.0,47300.0,AUD,AU,Ecommerce,TRUE,0,1443263856.0,APACAccount,252798,24465,83438,1,2015-9-26
215605,MX,mccredit,522174.0,318410.0,MXN,MX,Ecommerce,TRUE,0,1443332166.0,MexicoAccount,221715,111746,248970,1,2015-9-27
215694,AU,visagold,407220.0,7850.0,AUD,AU,Ecommerce,TRUE,0,1443359358.0,APACAccount,40075,55227,246449,1,2015-9-27
215695,AU,mccredit,516323.0,27000.0,AUD,AU,Ecommerce,TRUE,0,1443367052.0,APACAccount,254259,55060,83671,1,2015-9-27
215696,AU,mccredit,555005.0,32600.0,AUD,AU,Ecommerce,TRUE,0,1443368437.0,APACAccount,46489,1013,241265,1,2015-9-27
215950,GB,visaclassic,492943.0,10295.0,GBP,GB,Ecommerce,TRUE,1,1443388281.0,UKAccount,149031,334114,257992,1,2015-9-27
219769,NZ,visaclassic,499977.0,12850.0,NZD,NZ,Ecommerce,TRUE,0,1443494351.0,APACAccount,254957,21873,96470,1,2015-9-29
219770,AU,mccredit,555005.0,21000.0,AUD,AU,Ecommerce,TRUE,0,1443494610.0,APACAccount,46489,145567,241265,1,2015-9-29
219771,AU,visaplatinum,472437.0,16000.0,AUD,AU,Ecommerce,TRUE,0,1443498550.0,APACAccount,187950,55245,197311,1,2015-9-29
219772,AU,visaplatinum,456468.0,32500.0,AUD,AU,Ecommerce,TRUE,0,1443528531.0,APACAccount,336214,116907,96192,1,2015-9-29
219773,AU,mccredit,552033.0,49000.0,AUD,AU,Ecommerce,TRUE,0,1443548043.0,APACAccount,47986,116142,21056,1,2015-9-29
219774,AU,visabusiness,456480.0,54000.0,AUD,AU,Ecommerce,TRUE,0,1443554002.0,APACAccount,68683,114901,214574,1,2015-9-29
221674,MX,visaplatinum,477214.0,159900.0,MXN,MX,Ecommerce,TRUE,0,1441299780.0,MexicoAccount,85707,84062,255267,1,2015-9-3
221675,MX,visaclassic,493161.0,101915.0,MXN,MX,Ecommerce,TRUE,0,1441303102.0,MexicoAccount,268902,64814,206924,1,2015-9-3
221676,MX,visaplatinum,477214.0,159900.0,MXN,MX,Ecommerce,TRUE,0,1441306358.0,MexicoAccount,85715,84114,3922,1,2015-9-3
221677,MX,mccredit,528843.0,45400.0,MXN,MX,Ecommerce,TRUE,0,1441313817.0,MexicoAccount,143141,78380,243564,1,2015-9-3
221756,AU,visaplatinum,472437.0,40000.0,AUD,AU,Ecommerce,TRUE,0,1441260760.0,APACAccount,276279,3537,25741,1,2015-9-3
223525,MX,visadebit,421316.0,89900.0,MXN,MX,Ecommerce,TRUE,0,1443565624.0,MexicoAccount,304364,61168,262777,1,2015-9-30
223526,MX,visagold,455255.0,99900.0,MXN,MX,Ecommerce,TRUE,0,1443568057.0,MexicoAccount,108304,111936,79672,1,2015-9-30
223612,AU,visaclassic,450949.0,26000.0,AUD,AU,Ecommerce,TRUE,0,1443594979.0,APACAccount,87298,33605,185533,1,2015-9-30
223613,AU,visaplatinum,472437.0,18000.0,AUD,AU,Ecommerce,TRUE,0,1443605459.0,APACAccount,116623,55244,100574,1,2015-9-30
223614,AU,mccredit,544637.0,26000.0,AUD,AU,Ecommerce,TRUE,0,1443618228.0,APACAccount,239930,6273,102534,1,2015-9-30
225600,MX,visaplatinum,477214.0,159800.0,MXN,MX,Ecommerce,TRUE,0,1441318497.0,MexicoAccount,85708,84112,225953,1,2015-9-4
225601,MX,visagold,477213.0,74900.0,MXN,MX,Ecommerce,TRUE,0,1441337540.0,MexicoAccount,342107,69950,221724,1,2015-9-4
225673,AU,mccredit,537196.0,42000.0,AUD,AU,Ecommerce,TRUE,0,1441357723.0,APACAccount,150855,131307,136924,1,2015-9-4
227393,MX,mccredit,547046.0,169900.0,MXN,MX,Ecommerce,TRUE,0,1441434931.0,MexicoAccount,148527,6336,108294,1,2015-9-5
229132,MX,mccredit,554629.0,153900.0,MXN,MX,Ecommerce,TRUE,0,1441521194.0,MexicoAccount,26019,81756,211757,1,2015-9-6
229133,MX,mccredit,547092.0,139900.0,MXN,MX,Ecommerce,TRUE,0,1441570934.0,MexicoAccount,120246,84100,100858,1,2015-9-6
229344,GB,visaplatinum,492910.0,7195.0,GBP,GB,Ecommerce,TRUE,1,1441547482.0,UKAccount,58132,213230,187531,1,2015-9-6
231004,MX,mccredit,547092.0,199800.0,MXN,MX,Ecommerce,TRUE,0,1441583805.0,MexicoAccount,120247,84105,17736,1,2015-9-7
231005,MX,mccredit,547046.0,239800.0,MXN,MX,Ecommerce,TRUE,0,1441594201.0,MexicoAccount,76886,82698,75270,1,2015-9-7
233049,AU,mccredit,535316.0,9850.0,AUD,AU,Ecommerce,TRUE,0,1441697601.0,APACAccount,83853,63081,214990,1,2015-9-8
233050,AU,mccredit,535316.0,10850.0,AUD,AU,Ecommerce,TRUE,0,1441699865.0,APACAccount,83853,63081,214990,1,2015-9-8
234807,SE,mcdebit,554501.0,320000.0,SEK,SE,Ecommerce,TRUE,1,1441729656.0,SwedenAccount,264333,174650,138760,1,2015-9-8
234993,MX,visagold,477213.0,189800.0,MXN,MX,Ecommerce,TRUE,0,1441772905.0,MexicoAccount,269684,113860,97365,1,2015-9-9
234994,MX,visaclassic,493161.0,309800.0,MXN,MX,Ecommerce,TRUE,0,1441816474.0,MexicoAccount,110710,79744,136291,1,2015-9-9
234995,MX,visaclassic,493161.0,274700.0,MXN,MX,Ecommerce,TRUE,0,1441817017.0,MexicoAccount,110710,79744,136291,1,2015-9-9
234996,MX,visaclassic,493172.0,289700.0,MXN,MX,Ecommerce,TRUE,0,1441829850.0,MexicoAccount,231311,84355,7845,1,2015-9-9
235062,AU,mccredit,535316.0,29600.0,AUD,AU,Ecommerce,TRUE,0,1441787548.0,APACAccount,102930,55241,182921,1,2015-9-9
235063,AU,mccredit,535316.0,31000.0,AUD,AU,Ecommerce,TRUE,0,1441788277.0,APACAccount,102930,55247,182921,1,2015-9-9
235064,AU,visaclassic,442645.0,65000.0,AUD,AU,Ecommerce,TRUE,0,1441788727.0,APACAccount,319626,55213,91288,1,2015-9-9
235065,AU,visabusiness,455704.0,65200.0,AUD,AU,Ecommerce,TRUE,0,1441823380.0,APACAccount,217441,811,182585,1,2015-9-9
